{"stat.useItem.minecraft.bow":22,"stat.leaveGame":46,"stat.craftItem.minecraft.iron_axe":1,"stat.useItem.minecraft.planks":49,"stat.mineBlock.minecraft.web":7,"stat.useItem.minecraft.water_bucket":35,"stat.killEntity.Enderman":2,"stat.craftItem.minecraft.cobblestone_wall":18,"stat.craftItem.minecraft.stone_sword":1,"stat.useItem.minecraft.ender_pearl":2,"stat.mineBlock.minecraft.snow_layer":119,"stat.mineBlock.minecraft.sand":62,"achievement.buildPickaxe":15,"stat.killEntity.Witch":1,"stat.craftItem.minecraft.wooden_hoe":2,"achievement.buildBetterPickaxe":10,"stat.useItem.minecraft.fence_gate":9,"stat.useItem.minecraft.iron_pickaxe":296,"stat.craftItem.minecraft.wooden_pickaxe":5,"stat.craftItem.minecraft.iron_door":3,"stat.mineBlock.minecraft.brick_block":2,"stat.craftItem.minecraft.birch_door":3,"stat.craftItem.minecraft.bed":1,"stat.craftItem.minecraft.glass_pane":32,"achievement.breedCow":6,"stat.furnaceInteraction":55,"stat.mineBlock.minecraft.rail":3,"stat.useItem.minecraft.redstone":28,"achievement.mineWood":71,"stat.useItem.minecraft.fence":21,"stat.useItem.minecraft.stone_stairs":28,"achievement.openInventory":915,"stat.useItem.minecraft.cauldron":2,"stat.mineBlock.minecraft.fence":2,"stat.useItem.minecraft.flint_and_steel":5,"stat.useItem.minecraft.wheat_seeds":229,"stat.craftItem.minecraft.fence_gate":1,"stat.useItem.minecraft.wooden_button":2,"stat.useItem.minecraft.dye":18,"stat.deaths":17,"stat.playOneMinute":1318495,"stat.craftItem.minecraft.item_frame":2,"stat.craftItem.minecraft.wooden_shovel":1,"stat.craftItem.minecraft.iron_pickaxe":3,"stat.mineBlock.minecraft.tallgrass":4,"stat.chestOpened":236,"stat.useItem.minecraft.stone":7,"stat.mineBlock.minecraft.ice":1,"stat.craftItem.minecraft.redstone_torch":1,"stat.craftItem.minecraft.iron_hoe":1,"stat.fallOneCm":196539,"stat.crouchOneCm":23282,"achievement.killCow":5,"stat.craftItem.minecraft.iron_ingot":86,"stat.craftItem.minecraft.chest":2,"stat.mineBlock.minecraft.lever":1,"stat.useItem.minecraft.iron_hoe":56,"stat.craftingTableInteraction":177,"achievement.bakeCake":2,"stat.craftItem.minecraft.wooden_button":2,"stat.useItem.minecraft.furnace":3,"stat.useItem.minecraft.reeds":44,"stat.mineBlock.minecraft.gravel":45,"stat.useItem.minecraft.stone_pickaxe":725,"stat.mineBlock.minecraft.glass":1,"stat.useItem.minecraft.stone_sword":52,"stat.craftItem.minecraft.iron_leggings":2,"stat.mineBlock.minecraft.dirt":406,"stat.flowerPotted":3,"stat.useItem.minecraft.bread":52,"stat.useItem.minecraft.torch":81,"stat.craftItem.minecraft.redstone_block":2,"stat.craftItem.minecraft.stone_stairs":32,"stat.useItem.minecraft.cobblestone":386,"stat.craftItem.minecraft.crafting_table":7,"stat.useItem.minecraft.gravel":15,"stat.craftItem.minecraft.gold_ingot":19,"stat.useItem.minecraft.glass_pane":128,"stat.breakItem.minecraft.stone_shovel":1,"stat.useItem.minecraft.birch_door":1,"stat.craftItem.minecraft.bucket":8,"stat.breakItem.minecraft.wooden_hoe":1,"stat.craftItem.minecraft.planks":312,"stat.useItem.minecraft.iron_sword":139,"stat.craftItem.minecraft.snow":28,"stat.mineBlock.minecraft.log":71,"stat.craftItem.minecraft.flower_pot":1,"stat.useItem.minecraft.wooden_door":1,"achievement.acquireIron":10,"stat.craftItem.minecraft.sugar":55,"stat.craftItem.minecraft.paper":135,"stat.mineBlock.minecraft.cobblestone_wall":2,"stat.cakeSlicesEaten":13,"stat.useItem.minecraft.iron_axe":33,"stat.mineBlock.minecraft.cobblestone":69,"stat.entityKilledBy.Witch":3,"stat.craftItem.minecraft.wool":5,"stat.swimOneCm":162243,"stat.craftItem.minecraft.clock":1,"achievement.buildWorkBench":7,"stat.craftItem.minecraft.gold_block":1,"stat.breakItem.minecraft.iron_pickaxe":1,"stat.useItem.minecraft.dirt":330,"achievement.exploreAllBiomes":{"value":0,"progress":["Birch Forest Hills","ForestHills","Extreme Hills+","Birch Forest","Roofed Forest","Forest","River","Extreme Hills"]},"stat.craftItem.minecraft.furnace":2,"stat.useItem.minecraft.egg":61,"stat.craftItem.minecraft.iron_boots":4,"stat.craftItem.minecraft.stone_pickaxe":7,"stat.craftItem.minecraft.cooked_beef":7,"stat.craftItem.minecraft.bow":1,"stat.mineBlock.minecraft.redstone_block":1,"stat.mineBlock.minecraft.clay":2,"stat.useItem.minecraft.stone_shovel":298,"stat.useItem.minecraft.brick_block":12,"stat.flyOneCm":105326,"stat.craftItem.minecraft.glass_bottle":9,"stat.useItem.minecraft.cooked_beef":14,"stat.mineBlock.minecraft.iron_ore":42,"stat.timeSinceDeath":10849,"stat.useItem.minecraft.sign":2,"stat.cauldronFilled":3,"stat.useItem.minecraft.iron_door":3,"stat.craftItem.minecraft.iron_block":3,"stat.killEntity.Bat":1,"stat.craftItem.minecraft.cake":2,"stat.useItem.minecraft.lever":3,"stat.mineBlock.minecraft.coal_ore":197,"stat.killEntity.Creeper":1,"stat.craftItem.minecraft.golden_helmet":1,"stat.craftItem.minecraft.brick_block":14,"stat.useItem.minecraft.milk_bucket":4,"stat.entityKilledBy.Skeleton":3,"achievement.buildSword":4,"stat.killEntity.Squid":1,"stat.sprintOneCm":350752,"stat.mineBlock.minecraft.stone_slab":4,"stat.craftItem.minecraft.stick":130,"stat.useItem.minecraft.stone_slab":23,"stat.useItem.minecraft.bed":1,"stat.mineBlock.minecraft.diamond_ore":4,"stat.useItem.minecraft.snowball":48,"stat.mineBlock.minecraft.crafting_table":3,"stat.useItem.minecraft.carrot":115,"stat.useItem.minecraft.wooden_shovel":59,"stat.useItem.minecraft.bucket":42,"achievement.killEnemy":44,"achievement.buildFurnace":2,"stat.mineBlock.minecraft.planks":5,"stat.drop":428,"stat.craftItem.minecraft.leather_chestplate":1,"stat.useItem.minecraft.cake":2,"stat.killEntity.Zombie":33,"stat.craftItem.minecraft.dye":91,"stat.mineBlock.minecraft.gold_ore":4,"stat.diveOneCm":91854,"achievement.buildHoe":3,"stat.craftItem.minecraft.cooked_porkchop":1,"stat.useItem.minecraft.chicken":2,"stat.useItem.minecraft.porkchop":14,"stat.useItem.minecraft.potion":6,"stat.useItem.minecraft.flower_pot":3,"stat.jump":9471,"stat.useItem.minecraft.sand":69,"stat.useItem.minecraft.wooden_hoe":61,"stat.craftItem.minecraft.lever":2,"stat.craftItem.minecraft.bread":99,"stat.craftItem.minecraft.torch":60,"stat.craftItem.minecraft.iron_helmet":3,"achievement.makeBread":70,"stat.craftItem.minecraft.rail":16,"stat.useItem.minecraft.sapling":29,"stat.mineBlock.minecraft.lapis_ore":6,"stat.craftItem.minecraft.flint_and_steel":2,"stat.mineBlock.minecraft.glass_pane":17,"stat.mineBlock.minecraft.stone_stairs":3,"stat.damageTaken":9730,"stat.mineBlock.minecraft.torch":16,"stat.mineBlock.minecraft.furnace":2,"stat.mineBlock.minecraft.red_flower":2,"stat.useItem.minecraft.gold_block":1,"stat.cauldronUsed":9,"stat.mineBlock.minecraft.fence_gate":1,"stat.entityKilledBy.Zombie":3,"stat.damageDealt":17605,"stat.craftItem.minecraft.glass":33,"stat.craftItem.minecraft.cauldron":1,"stat.killEntity.Cow":19,"stat.useItem.minecraft.crafting_table":9,"stat.killEntity.Pig":9,"stat.craftItem.minecraft.iron_sword":3,"stat.craftItem.minecraft.stone_slab":24,"stat.craftItem.minecraft.stone_shovel":10,"stat.walkOneCm":4464592,"stat.animalsBred":20,"stat.playerKills":4,"stat.useItem.minecraft.chest":2,"stat.useItem.minecraft.lava_bucket":3,"stat.breakItem.minecraft.stone_pickaxe":2,"stat.craftItem.minecraft.diamond_boots":1,"stat.useItem.minecraft.redstone_block":1,"stat.useItem.minecraft.item_frame":3,"stat.craftItem.minecraft.iron_chestplate":2,"stat.craftItem.minecraft.redstone":9,"stat.killEntity.Skeleton":9,"stat.killEntity.Chicken":7,"stat.useItem.minecraft.iron_block":1,"stat.killEntity.Spider":3,"stat.craftItem.minecraft.tnt":2,"stat.mobKills":86,"stat.craftItem.minecraft.fence":6,"stat.useItem.minecraft.cobblestone_wall":1,"stat.mineBlock.minecraft.leaves":75,"stat.mineBlock.minecraft.redstone_ore":3,"stat.craftItem.minecraft.coal_block":8,"stat.craftItem.minecraft.map":2,"stat.craftItem.minecraft.compass":3,"stat.craftItem.minecraft.brick":60,"stat.mineBlock.minecraft.stone":665}