{"stat.useItem.minecraft.bow":9,"stat.leaveGame":26,"stat.useItem.minecraft.planks":67,"stat.useItem.minecraft.water_bucket":68,"stat.killEntity.Enderman":3,"stat.craftItem.minecraft.cobblestone_wall":396,"stat.craftItem.minecraft.stone_sword":4,"achievement.buildPickaxe":150,"stat.mineBlock.minecraft.sand":206,"stat.killEntity.Witch":3,"achievement.buildBetterPickaxe":144,"stat.useItem.minecraft.fence_gate":3,"stat.useItem.minecraft.iron_pickaxe":161,"stat.craftItem.minecraft.wooden_pickaxe":4,"stat.mineBlock.minecraft.brick_block":9,"stat.craftItem.minecraft.glass_pane":272,"achievement.breedCow":49,"stat.useItem.minecraft.oak_stairs":78,"stat.furnaceInteraction":58,"stat.mineBlock.minecraft.rail":12,"stat.mineBlock.minecraft.wooden_button":2,"stat.useItem.minecraft.redstone":22,"achievement.mineWood":280,"stat.useItem.minecraft.fence":56,"stat.useItem.minecraft.stone_stairs":215,"achievement.openInventory":618,"stat.mineBlock.minecraft.fence":37,"stat.useItem.minecraft.flint_and_steel":6,"stat.useItem.minecraft.wheat_seeds":302,"stat.useItem.minecraft.wooden_button":3,"stat.useItem.minecraft.dye":36,"stat.useItem.minecraft.beef":2,"stat.mineBlock.minecraft.oak_stairs":50,"stat.deaths":16,"stat.playOneMinute":2282500,"stat.craftItem.minecraft.wooden_shovel":1,"stat.craftItem.minecraft.iron_pickaxe":2,"stat.mineBlock.minecraft.tallgrass":97,"stat.chestOpened":222,"stat.useItem.minecraft.stone":23,"stat.breakItem.minecraft.leather_helmet":1,"stat.fallOneCm":116707,"achievement.killCow":23,"stat.craftItem.minecraft.iron_ingot":95,"stat.craftItem.minecraft.chest":4,"stat.useItem.minecraft.iron_hoe":32,"stat.craftingTableInteraction":121,"stat.mineBlock.minecraft.wooden_pressure_plate":1,"stat.craftItem.minecraft.wooden_button":4,"stat.useItem.minecraft.reeds":89,"stat.useItem.minecraft.furnace":1,"stat.mineBlock.minecraft.spruce_fence":1,"stat.mineBlock.minecraft.gravel":189,"stat.useItem.minecraft.stone_pickaxe":6415,"stat.mineBlock.minecraft.glass":1,"stat.useItem.minecraft.stone_sword":84,"stat.craftItem.minecraft.oak_stairs":32,"stat.mineBlock.minecraft.dirt":3665,"stat.useItem.minecraft.torch":939,"stat.useItem.minecraft.bread":19,"stat.craftItem.minecraft.stone_stairs":100,"stat.useItem.minecraft.cobblestone":1996,"stat.craftItem.minecraft.crafting_table":5,"stat.useItem.minecraft.gravel":47,"stat.mineBlock.minecraft.double_plant":17,"stat.craftItem.minecraft.boat":1,"stat.mineBlock.minecraft.emerald_ore":1,"stat.craftItem.minecraft.gold_ingot":6,"stat.useItem.minecraft.glass_pane":34,"stat.mineBlock.minecraft.iron_block":2,"stat.breakItem.minecraft.stone_shovel":8,"stat.craftItem.minecraft.planks":532,"stat.useItem.minecraft.iron_sword":248,"stat.useItem.minecraft.wooden_pressure_plate":1,"stat.mineBlock.minecraft.log":199,"stat.craftItem.minecraft.wooden_door":2,"stat.craftItem.minecraft.cooked_chicken":7,"stat.useItem.minecraft.stone_hoe":48,"stat.useItem.minecraft.wooden_door":5,"achievement.acquireIron":22,"stat.craftItem.minecraft.paper":27,"stat.mineBlock.minecraft.cobblestone_wall":122,"stat.mineBlock.minecraft.cobblestone":617,"stat.mineBlock.minecraft.yellow_flower":7,"stat.swimOneCm":205104,"achievement.buildWorkBench":7,"stat.useItem.minecraft.dirt":2474,"achievement.exploreAllBiomes":{"value":0,"progress":["Birch Forest Hills","Sunflower Plains","ForestHills","Extreme Hills+","Birch Forest","Roofed Forest","Forest","River","Plains","Taiga","Extreme Hills"]},"stat.craftItem.minecraft.furnace":1,"stat.useItem.minecraft.egg":49,"stat.craftItem.minecraft.stone_pickaxe":63,"stat.craftItem.minecraft.cooked_beef":15,"stat.mineBlock.minecraft.clay":20,"stat.useItem.minecraft.stone_shovel":971,"stat.useItem.minecraft.brick_block":1,"stat.flyOneCm":100551,"stat.useItem.minecraft.cooked_beef":16,"stat.mineBlock.minecraft.iron_ore":116,"stat.timeSinceDeath":9351,"stat.useItem.minecraft.sign":2,"stat.killEntity.Bat":1,"stat.useItem.minecraft.cooked_porkchop":3,"stat.mineBlock.minecraft.coal_ore":415,"stat.killEntity.Creeper":16,"stat.breakItem.minecraft.iron_sword":1,"stat.mineBlock.minecraft.red_mushroom_block":2,"stat.craftItem.minecraft.brick_block":7,"stat.entityKilledBy.Skeleton":3,"achievement.buildSword":10,"stat.useItem.minecraft.spruce_fence":21,"stat.killEntity.Squid":5,"stat.sprintOneCm":925342,"stat.mineBlock.minecraft.stone_slab":311,"stat.craftItem.minecraft.stick":442,"stat.useItem.minecraft.stone_slab":1544,"stat.craftItem.minecraft.stone":64,"stat.mineBlock.minecraft.crafting_table":11,"stat.useItem.minecraft.carrot":367,"stat.useItem.minecraft.wooden_shovel":7,"stat.craftItem.minecraft.wooden_pressure_plate":1,"stat.useItem.minecraft.bucket":68,"stat.entityKilledBy.Creeper":2,"achievement.killEnemy":189,"achievement.buildFurnace":3,"stat.mineBlock.minecraft.planks":47,"stat.drop":163,"stat.killEntity.Zombie":101,"stat.craftItem.minecraft.dye":6,"stat.mineBlock.minecraft.gold_ore":18,"stat.diveOneCm":108968,"achievement.buildHoe":2,"stat.craftItem.minecraft.cooked_porkchop":3,"stat.useItem.minecraft.apple":1,"stat.useItem.minecraft.porkchop":1,"stat.useItem.minecraft.rotten_flesh":5,"stat.jump":7380,"stat.useItem.minecraft.sand":11,"stat.useItem.minecraft.stone_axe":64,"stat.craftItem.minecraft.bread":25,"stat.craftItem.minecraft.torch":752,"achievement.makeBread":50,"stat.useItem.minecraft.glass":3,"stat.boatOneCm":2786,"stat.useItem.minecraft.sapling":9,"stat.craftItem.minecraft.flint_and_steel":2,"stat.mineBlock.minecraft.glass_pane":12,"stat.mineBlock.minecraft.leaves2":44,"stat.mineBlock.minecraft.stone_stairs":116,"stat.damageTaken":11753,"stat.mineBlock.minecraft.torch":156,"stat.useItem.minecraft.wooden_pickaxe":159,"stat.breakItem.minecraft.leather_boots":1,"stat.killEntity.CaveSpider":5,"stat.mineBlock.minecraft.fence_gate":4,"stat.entityKilledBy.Zombie":4,"stat.damageDealt":54470,"stat.craftItem.minecraft.glass":54,"stat.killEntity.Cow":29,"stat.useItem.minecraft.crafting_table":15,"stat.killEntity.Pig":10,"stat.craftItem.minecraft.stone_slab":1332,"stat.craftItem.minecraft.stone_shovel":1,"stat.walkOneCm":8111406,"stat.animalsBred":86,"stat.useItem.minecraft.chest":2,"stat.playerKills":2,"stat.useItem.minecraft.tnt":1,"stat.breakItem.minecraft.stone_pickaxe":52,"stat.useItem.minecraft.item_frame":1,"stat.killEntity.Skeleton":47,"stat.killEntity.Chicken":11,"stat.useItem.minecraft.iron_block":1,"stat.killEntity.Spider":14,"stat.craftItem.minecraft.spruce_fence":24,"stat.mobKills":248,"stat.craftItem.minecraft.fence":24,"stat.useItem.minecraft.boat":1,"stat.useItem.minecraft.cobblestone_wall":386,"stat.mineBlock.minecraft.leaves":270,"stat.breakItem.minecraft.wooden_shovel":1,"stat.mineBlock.minecraft.redstone_ore":9,"stat.craftItem.minecraft.map":2,"stat.craftItem.minecraft.compass":1,"stat.breakItem.minecraft.stone_sword":1,"stat.craftItem.minecraft.brick":28,"stat.mineBlock.minecraft.stone":4304,"stat.breakItem.minecraft.wooden_pickaxe":3}